<?xml version="1.0" encoding="UTF-8"?>
<project version="4">
  <component name="DataSourceManagerImpl" format="xml" multifile-model="true">
    <data-source source="LOCAL" name="postgres@localhost/projeto-db" uuid="4b0e5a87-2674-4e4e-bbb0-e4667cd903ba">
      <driver-ref>postgresql</driver-ref>
      <synchronize>true</synchronize>
      <jdbc-driver>org.postgresql.Driver</jdbc-driver>
      <jdbc-url>jdbc:postgresql://localhost:5432/postgres</jdbc-url>
      <working-dir>$ProjectFileDir$</working-dir>
    </data-source>
  </component>
</project>