<?xml version="1.0" encoding="UTF-8"?>
<project version="4">
  <component name="dataSourceStorageLocal" created-in="IU-222.4459.24">
    <data-source name="postgres@localhost/projeto-db" uuid="4b0e5a87-2674-4e4e-bbb0-e4667cd903ba">
      <database-info product="PostgreSQL" version="15.1" jdbc-version="4.2" driver-name="PostgreSQL JDBC Driver" driver-version="42.5.0" dbms="POSTGRES" exact-version="15.1" exact-driver-version="42.5">
        <identifier-quote-string>&quot;</identifier-quote-string>
      </database-info>
      <case-sensitivity plain-identifiers="lower" quoted-identifiers="exact" />
      <secret-storage>master_key</secret-storage>
      <user-name>postgres</user-name>
      <schema-mapping>
        <introspection-scope>
          <node negative="1">
            <node kind="database" qname="@">
              <node kind="schema" qname="@" />
            </node>
            <node kind="database" qname="projeto-db">
              <node kind="schema" negative="1" />
            </node>
          </node>
        </introspection-scope>
      </schema-mapping>
    </data-source>
  </component>
</project>