<?xml version="1.0" encoding="UTF-8"?>
<project version="4">
  <component name="AutoImportSettings">
    <option name="autoReloadType" value="SELECTIVE" />
  </component>
  <component name="ChangeListManager">
    <list default="true" id="48a2e8d1-6776-4425-b059-1acbd119a8a8" name="Changes" comment="">
      <change afterPath="$PROJECT_DIR$/src/main/java/com/example/projetobd/request/SnacksAndTicketsRequest2.java" afterDir="false" />
      <change afterPath="$PROJECT_DIR$/src/main/java/com/example/projetobd/request/TicketBuyRequest2.java" afterDir="false" />
      <change afterPath="$PROJECT_DIR$/src/main/resources/templates/cinema-movie-ticket-icon.svg" afterDir="false" />
      <change afterPath="$PROJECT_DIR$/src/main/resources/templates/pre-buy-tickets-and-snacks.html" afterDir="false" />
      <change beforePath="$PROJECT_DIR$/src/main/java/com/example/projetobd/controller/api/frontend/TicketControllerFront.java" beforeDir="false" afterPath="$PROJECT_DIR$/src/main/java/com/example/projetobd/controller/api/frontend/TicketControllerFront.java" afterDir="false" />
      <change beforePath="$PROJECT_DIR$/src/main/java/com/example/projetobd/controller/api/frontend/TransactionControllerFront.java" beforeDir="false" afterPath="$PROJECT_DIR$/src/main/java/com/example/projetobd/controller/api/frontend/TransactionControllerFront.java" afterDir="false" />
      <change beforePath="$PROJECT_DIR$/src/main/java/com/example/projetobd/entity/Movie.java" beforeDir="false" afterPath="$PROJECT_DIR$/src/main/java/com/example/projetobd/entity/Movie.java" afterDir="false" />
      <change beforePath="$PROJECT_DIR$/src/main/java/com/example/projetobd/entity/TicketType.java" beforeDir="false" afterPath="$PROJECT_DIR$/src/main/java/com/example/projetobd/entity/TicketType.java" afterDir="false" />
      <change beforePath="$PROJECT_DIR$/src/main/java/com/example/projetobd/entity/Transaction.java" beforeDir="false" afterPath="$PROJECT_DIR$/src/main/java/com/example/projetobd/entity/Transaction.java" afterDir="false" />
      <change beforePath="$PROJECT_DIR$/src/main/java/com/example/projetobd/request/SnacksAndTicketsRequest.java" beforeDir="false" afterPath="$PROJECT_DIR$/src/main/java/com/example/projetobd/request/SnacksAndTicketsRequest.java" afterDir="false" />
      <change beforePath="$PROJECT_DIR$/src/main/java/com/example/projetobd/service/SnackOrderService.java" beforeDir="false" afterPath="$PROJECT_DIR$/src/main/java/com/example/projetobd/service/SnackOrderService.java" afterDir="false" />
      <change beforePath="$PROJECT_DIR$/src/main/java/com/example/projetobd/service/TicketService.java" beforeDir="false" afterPath="$PROJECT_DIR$/src/main/java/com/example/projetobd/service/TicketService.java" afterDir="false" />
      <change beforePath="$PROJECT_DIR$/src/main/resources/application.properties" beforeDir="false" afterPath="$PROJECT_DIR$/src/main/resources/application.properties" afterDir="false" />
      <change beforePath="$PROJECT_DIR$/src/main/resources/templates/add-movie.html" beforeDir="false" afterPath="$PROJECT_DIR$/src/main/resources/templates/add-movie.html" afterDir="false" />
      <change beforePath="$PROJECT_DIR$/src/main/resources/templates/add-room.html" beforeDir="false" afterPath="$PROJECT_DIR$/src/main/resources/templates/add-room.html" afterDir="false" />
      <change beforePath="$PROJECT_DIR$/src/main/resources/templates/add-session-to-room.html" beforeDir="false" afterPath="$PROJECT_DIR$/src/main/resources/templates/add-session-to-room.html" afterDir="false" />
      <change beforePath="$PROJECT_DIR$/src/main/resources/templates/add-snack.html" beforeDir="false" afterPath="$PROJECT_DIR$/src/main/resources/templates/add-snack.html" afterDir="false" />
      <change beforePath="$PROJECT_DIR$/src/main/resources/templates/buy-snacks-tickets.html" beforeDir="false" afterPath="$PROJECT_DIR$/src/main/resources/templates/buy-snacks-tickets.html" afterDir="false" />
      <change beforePath="$PROJECT_DIR$/src/main/resources/templates/buy-ticket.html" beforeDir="false" afterPath="$PROJECT_DIR$/src/main/resources/templates/buy-snacks-tickets2.html" afterDir="false" />
      <change beforePath="$PROJECT_DIR$/src/main/resources/templates/edit-snack.html" beforeDir="false" afterPath="$PROJECT_DIR$/src/main/resources/templates/edit-snack.html" afterDir="false" />
      <change beforePath="$PROJECT_DIR$/src/main/resources/templates/movies.html" beforeDir="false" afterPath="$PROJECT_DIR$/src/main/resources/templates/movies.html" afterDir="false" />
      <change beforePath="$PROJECT_DIR$/src/main/resources/templates/order-snacks.html" beforeDir="false" afterPath="$PROJECT_DIR$/src/main/resources/templates/order-snacks.html" afterDir="false" />
      <change beforePath="$PROJECT_DIR$/src/main/resources/templates/print-order.html" beforeDir="false" afterPath="$PROJECT_DIR$/src/main/resources/templates/print-order.html" afterDir="false" />
      <change beforePath="$PROJECT_DIR$/src/main/resources/templates/rooms.html" beforeDir="false" afterPath="$PROJECT_DIR$/src/main/resources/templates/rooms.html" afterDir="false" />
      <change beforePath="$PROJECT_DIR$/src/main/resources/templates/session.html" beforeDir="false" afterPath="$PROJECT_DIR$/src/main/resources/templates/session.html" afterDir="false" />
      <change beforePath="$PROJECT_DIR$/src/main/resources/templates/snacks.html" beforeDir="false" afterPath="$PROJECT_DIR$/src/main/resources/templates/snacks.html" afterDir="false" />
      <change beforePath="$PROJECT_DIR$/src/main/resources/templates/ticket-info.html" beforeDir="false" afterPath="$PROJECT_DIR$/src/main/resources/templates/ticket-info.html" afterDir="false" />
    </list>
    <option name="SHOW_DIALOG" value="false" />
    <option name="HIGHLIGHT_CONFLICTS" value="true" />
    <option name="HIGHLIGHT_NON_ACTIVE_CHANGELIST" value="false" />
    <option name="LAST_RESOLUTION" value="IGNORE" />
  </component>
  <component name="FileTemplateManagerImpl">
    <option name="RECENT_TEMPLATES">
      <list>
        <option value="Interface" />
        <option value="Class" />
        <option value="HTML File" />
      </list>
    </option>
  </component>
  <component name="Git.Settings">
    <option name="PREVIOUS_COMMIT_AUTHORS">
      <list>
        <option value="Marcos Dantas Guimarães Filho &lt;mdgf@academico.ufpb.br&gt;" />
      </list>
    </option>
    <option name="RECENT_BRANCH_BY_REPOSITORY">
      <map>
        <entry key="$PROJECT_DIR$" value="master" />
      </map>
    </option>
    <option name="RECENT_GIT_ROOT_PATH" value="$PROJECT_DIR$" />
  </component>
  <component name="GitToolBoxStore">
    <option name="projectConfigVersion" value="5" />
    <option name="recentBranches">
      <RecentBranches>
        <option name="branchesForRepo">
          <list>
            <RecentBranchesForRepo>
              <option name="branches">
                <list>
                  <RecentBranch>
                    <option name="branchName" value="backup" />
                    <option name="lastUsedInstant" value="1669962886" />
                  </RecentBranch>
                  <RecentBranch>
                    <option name="branchName" value="master" />
                    <option name="lastUsedInstant" value="1669962885" />
                  </RecentBranch>
                </list>
              </option>
              <option name="repositoryRootUrl" value="file://$PROJECT_DIR$" />
            </RecentBranchesForRepo>
          </list>
        </option>
      </RecentBranches>
    </option>
  </component>
  <component name="JpbToolWindowState">
    <option name="myId2FirstActivated">
      <map>
        <entry key="com.haulmont.jpb.jpaInspector" value="true" />
        <entry key="com.haulmont.jpb.jpaPalette" value="true" />
        <entry key="com.haulmont.jpb.jpaStructure" value="true" />
      </map>
    </option>
    <option name="myId2Visible">
      <map>
        <entry key="com.haulmont.jpb.jpaInspector" value="true" />
        <entry key="com.haulmont.jpb.jpaPalette" value="false" />
        <entry key="com.haulmont.jpb.jpaStructure" value="true" />
      </map>
    </option>
  </component>
  <component name="MarkdownSettingsMigration">
    <option name="stateVersion" value="1" />
  </component>
  <component name="MavenImportPreferences">
    <option name="generalSettings">
      <MavenGeneralSettings>
        <option name="mavenHome" value="Use Maven wrapper" />
        <option name="useMavenConfig" value="true" />
      </MavenGeneralSettings>
    </option>
  </component>
  <component name="ProjectId" id="2I39eZWWtRg9GF3hhEj6Rb5uhaU" />
  <component name="ProjectLevelVcsManager" settingsEditedManually="true">
    <ConfirmationsSetting value="2" id="Add" />
  </component>
  <component name="ProjectViewState">
    <option name="hideEmptyMiddlePackages" value="true" />
    <option name="showLibraryContents" value="true" />
  </component>
  <component name="PropertiesComponent"><![CDATA[{
  "keyToString": {
    "ASKED_ADD_EXTERNAL_FILES": "true",
    "DefaultHtmlFileTemplate": "HTML File",
    "RequestMappingsPanelOrder0": "0",
    "RequestMappingsPanelOrder1": "1",
    "RequestMappingsPanelWidth0": "75",
    "RequestMappingsPanelWidth1": "75",
    "RunOnceActivity.OpenProjectViewOnStart": "true",
    "RunOnceActivity.ShowReadmeOnStart": "true",
    "WebServerToolWindowFactoryState": "false",
    "last_opened_file_path": "C:/Users/marcosdgf/Desktop",
    "node.js.detected.package.eslint": "true",
    "node.js.detected.package.tslint": "true",
    "node.js.selected.package.eslint": "(autodetect)",
    "node.js.selected.package.tslint": "(autodetect)",
    "nodejs_package_manager_path": "npm",
    "project.structure.last.edited": "Project",
    "project.structure.proportion": "0.0",
    "project.structure.side.proportion": "0.0",
    "settings.editor.selected.configurable": "reference.settings.ide.settings.uml",
    "spring.configuration.checksum": "e662b23fa17bc7f61c87337e0b7efe10"
  },
  "keyToStringList": {
    "DatabaseDriversLRU": [
      "postgresql"
    ]
  }
}]]></component>
  <component name="RecentsManager">
    <key name="CreateClassDialog.RecentsKey">
      <recent name="com.example.projetobd.entity" />
      <recent name="com.example.projetobd.request" />
      <recent name="com.example.projetobd.service" />
      <recent name="com.example.projetobd.controller.api.frontend" />
    </key>
    <key name="CopyFile.RECENT_KEYS">
      <recent name="C:\Users\marcosdgf\IdeaProjects\projeto-bd\src\main\resources\templates" />
    </key>
    <key name="MoveClassesOrPackagesDialog.RECENTS_KEY">
      <recent name="com.example.projetobd.repository" />
      <recent name="com.example.projetobd.request" />
    </key>
    <key name="CopyClassDialog.RECENTS_KEY">
      <recent name="com.example.projetobd.request" />
    </key>
  </component>
  <component name="RunManager" selected="Spring Boot.ProjetoBdApplication">
    <configuration name="teste" type="Application" factoryName="Application" temporary="true" nameIsGenerated="true">
      <option name="MAIN_CLASS_NAME" value="com.example.projetobd.entity.teste" />
      <module name="projeto-bd" />
      <extension name="coverage">
        <pattern>
          <option name="PATTERN" value="com.example.projetobd.entity.*" />
          <option name="ENABLED" value="true" />
        </pattern>
      </extension>
      <method v="2">
        <option name="Make" enabled="true" />
      </method>
    </configuration>
    <configuration name="generated-requests | #1" type="HttpClient.HttpRequestRunConfigurationType" factoryName="HTTP Request" temporary="true" nameIsGenerated="true" path="$APPLICATION_CONFIG_DIR$/scratches/generated-requests.http" requestIdentifier="#1" runType="Run single request">
      <method v="2" />
    </configuration>
    <configuration name="generated-requests | #2" type="HttpClient.HttpRequestRunConfigurationType" factoryName="HTTP Request" temporary="true" nameIsGenerated="true" path="$APPLICATION_CONFIG_DIR$/scratches/generated-requests.http" index="2" requestIdentifier="#2" runType="Run single request">
      <method v="2" />
    </configuration>
    <configuration name="generated-requests | #3" type="HttpClient.HttpRequestRunConfigurationType" factoryName="HTTP Request" temporary="true" nameIsGenerated="true" path="$APPLICATION_CONFIG_DIR$/scratches/generated-requests.http" index="3" requestIdentifier="#3" runType="Run single request">
      <method v="2" />
    </configuration>
    <configuration name="ProjetoBdApplication" type="SpringBootApplicationConfigurationType" factoryName="Spring Boot" temporary="true" nameIsGenerated="true">
      <module name="projeto-bd" />
      <option name="SPRING_BOOT_MAIN_CLASS" value="com.example.projetobd.ProjetoBdApplication" />
      <extension name="coverage">
        <pattern>
          <option name="PATTERN" value="com.example.projetobd.*" />
          <option name="ENABLED" value="true" />
        </pattern>
      </extension>
      <method v="2">
        <option name="Make" enabled="true" />
      </method>
    </configuration>
    <list>
      <item itemvalue="Application.teste" />
      <item itemvalue="HTTP Request.generated-requests | #1" />
      <item itemvalue="HTTP Request.generated-requests | #2" />
      <item itemvalue="HTTP Request.generated-requests | #3" />
      <item itemvalue="Spring Boot.ProjetoBdApplication" />
    </list>
    <recent_temporary>
      <list>
        <item itemvalue="Spring Boot.ProjetoBdApplication" />
        <item itemvalue="Application.teste" />
        <item itemvalue="HTTP Request.generated-requests | #1" />
        <item itemvalue="HTTP Request.generated-requests | #3" />
        <item itemvalue="HTTP Request.generated-requests | #2" />
      </list>
    </recent_temporary>
  </component>
  <component name="SpellCheckerSettings" RuntimeDictionaries="0" Folders="0" CustomDictionaries="0" DefaultDictionary="application-level" UseSingleDictionary="true" transferred="true" />
  <component name="TaskManager">
    <task active="true" id="Default" summary="Default task">
      <changelist id="48a2e8d1-6776-4425-b059-1acbd119a8a8" name="Changes" comment="" />
      <created>1669399526552</created>
      <option name="number" value="Default" />
      <option name="presentableId" value="Default" />
      <updated>1669399526552</updated>
      <workItem from="1669399552264" duration="848000" />
      <workItem from="1669400881027" duration="2456000" />
      <workItem from="1669473812161" duration="26907000" />
      <workItem from="1669563980910" duration="16035000" />
      <workItem from="1669596831842" duration="4568000" />
      <workItem from="1669643961893" duration="4238000" />
      <workItem from="1669666056589" duration="23213000" />
      <workItem from="1669737660941" duration="1065000" />
      <workItem from="1669738845615" duration="27046000" />
      <workItem from="1669818542509" duration="13944000" />
      <workItem from="1669862677233" duration="9396000" />
      <workItem from="1669906194373" duration="15070000" />
      <workItem from="1669943461878" duration="10609000" />
      <workItem from="1669955886856" duration="6998000" />
      <workItem from="1669997946585" duration="16069000" />
    </task>
    <task id="LOCAL-00001" summary="Muitas mudanças!">
      <created>1669524644287</created>
      <option name="number" value="00001" />
      <option name="presentableId" value="LOCAL-00001" />
      <option name="project" value="LOCAL" />
      <updated>1669524644287</updated>
    </task>
    <task id="LOCAL-00002" summary="Mudança na representação de sessões">
      <created>1669567443390</created>
      <option name="number" value="00002" />
      <option name="presentableId" value="LOCAL-00002" />
      <option name="project" value="LOCAL" />
      <updated>1669567443390</updated>
    </task>
    <task id="LOCAL-00003" summary="Falta apenas permitir comprar lanches">
      <created>1669781884881</created>
      <option name="number" value="00003" />
      <option name="presentableId" value="LOCAL-00003" />
      <option name="project" value="LOCAL" />
      <updated>1669781884882</updated>
    </task>
    <task id="LOCAL-00004" summary="Falta apenas permitir comprar lanches">
      <created>1669917689546</created>
      <option name="number" value="00004" />
      <option name="presentableId" value="LOCAL-00004" />
      <option name="project" value="LOCAL" />
      <updated>1669917689546</updated>
    </task>
    <task id="LOCAL-00005" summary="Falta apenas permitir comprar lanches">
      <created>1669936959626</created>
      <option name="number" value="00005" />
      <option name="presentableId" value="LOCAL-00005" />
      <option name="project" value="LOCAL" />
      <updated>1669936959626</updated>
    </task>
    <task id="LOCAL-00006" summary="Terminado compras de lanche">
      <created>1669962835715</created>
      <option name="number" value="00006" />
      <option name="presentableId" value="LOCAL-00006" />
      <option name="project" value="LOCAL" />
      <updated>1669962835715</updated>
    </task>
    <option name="localTasksCounter" value="7" />
    <servers />
  </component>
  <component name="TypeScriptGeneratedFilesManager">
    <option name="version" value="3" />
  </component>
  <component name="VcsManagerConfiguration">
    <option name="CHECK_CODE_SMELLS_BEFORE_PROJECT_COMMIT" value="false" />
    <option name="CHECK_NEW_TODO" value="false" />
    <option name="ADD_EXTERNAL_FILES_SILENTLY" value="true" />
    <MESSAGE value="Muitas mudanças!" />
    <MESSAGE value="Mudança na representação de sessões" />
    <MESSAGE value="Falta apenas permitir comprar lanches" />
    <MESSAGE value="Terminado compras de lanche" />
    <option name="LAST_COMMIT_MESSAGE" value="Terminado compras de lanche" />
    <option name="OPTIMIZE_IMPORTS_BEFORE_PROJECT_COMMIT" value="true" />
  </component>
  <component name="XDebuggerManager">
    <breakpoint-manager>
      <breakpoints>
        <line-breakpoint enabled="true" type="java-line">
          <url>jar://$MAVEN_REPOSITORY$/org/projectlombok/lombok/1.18.24/lombok-1.18.24.jar!/lombok/AllArgsConstructor.class</url>
          <option name="timeStamp" value="1" />
        </line-breakpoint>
        <line-breakpoint enabled="true" type="java-line">
          <url>jar://$MAVEN_REPOSITORY$/jakarta/persistence/jakarta.persistence-api/2.2.3/jakarta.persistence-api-2.2.3.jar!/javax/persistence/OneToOne.class</url>
          <option name="timeStamp" value="3" />
        </line-breakpoint>
      </breakpoints>
    </breakpoint-manager>
  </component>
  <component name="XSLT-Support.FileAssociations.UIState">
    <expand />
    <select />
  </component>
</project>