[
  {
    "id": 1,
    "session": {
      "id": 1,
      "sessionMovieTitle": "Adão Negro",
      "availableSeats": 8,
      "date": "2022-11-30",
      "startTime": "12:00:00",
      "endTime": "14:30:00",
      "localDateTime": "2022-11-30T12:00:00",
      "dateAndTime": "30/11 12:00"
    },
    "seatNumber": 0,
    "ticketType": "ADULT",
    "creditCard": true
  },
  {
    "id": 2,
    "session": {
      "id": 1,
      "sessionMovieTitle": "Adão Negro",
      "availableSeats": 8,
      "date": "2022-11-30",
      "startTime": "12:00:00",
      "endTime": "14:30:00",
      "localDateTime": "2022-11-30T12:00:00",
      "dateAndTime": "30/11 12:00"
    },
    "seatNumber": 0,
    "ticketType": "ADULT",
    "creditCard": true
  }
]