[
  {
    "id": 1,
    "session": {
      "id": 1,
      "sessionMovieTitle": "Harry Potter e a Câmara Secreta",
      "availableSeats": 13,
      "date": "2022-11-30",
      "startTime": "17:45:00",
      "endTime": "20:26:00",
      "localDateTime": "2022-11-30T17:45:00",
      "dateAndTime": "30/11 17:45"
    },
    "seatNumber": 0,
    "ticketType": "ADULT",
    "creditCard": false
  },
  {
    "id": 2,
    "session": {
      "id": 1,
      "sessionMovieTitle": "Harry Potter e a Câmara Secreta",
      "availableSeats": 13,
      "date": "2022-11-30",
      "startTime": "17:45:00",
      "endTime": "20:26:00",
      "localDateTime": "2022-11-30T17:45:00",
      "dateAndTime": "30/11 17:45"
    },
    "seatNumber": 0,
    "ticketType": "CHILD",
    "creditCard": false
  }
]