[
  {
    "id": 1,
    "session": {
      "id": 1,
      "sessionMovieTitle": "Harry Potter e a Câmara Secreta",
      "date": "2022-11-30",
      "startTime": "12:00:00",
      "endTime": "14:41:00",
      "localDateTime": "2022-11-30T12:00:00",
      "dateAndTime": "30/11 12:00",
      "movieTitleBr": "Harry Potter e a Câmara Secreta",
      "movieTitleOg": "Harry Potter and the Chamber of Secrets"
    },
    "seatNumber": 15,
    "ticketType": "ADULT",
    "creditCard": false
  },
  {
    "id": 2,
    "session": {
      "id": 1,
      "sessionMovieTitle": "Harry Potter e a Câmara Secreta",
      "date": "2022-11-30",
      "startTime": "12:00:00",
      "endTime": "14:41:00",
      "localDateTime": "2022-11-30T12:00:00",
      "dateAndTime": "30/11 12:00",
      "movieTitleBr": "Harry Potter e a Câmara Secreta",
      "movieTitleOg": "Harry Potter and the Chamber of Secrets"
    },
    "seatNumber": 15,
    "ticketType": "ADULT",
    "creditCard": false
  }
]